step,explore,phase,skill,success,ig,pcg_entropy,shd,causal_prec,causal_rec,int_precision,sig_edges,achieved_count
1,1,novel,coal↑,1,0.000000,47.8236,10,0.0000,0.0000,1.0000,10,1
2,1,novel,coal↑,1,0.000000,47.8236,10,0.0000,0.0000,1.0000,10,1
3,1,novel,coal↑,1,0.000000,47.8236,10,0.0000,0.0000,1.0000,10,1
4,1,novel,coal↑,1,0.000000,47.8236,10,0.0000,0.0000,1.0000,10,1
5,1,novel,coal↑,1,0.000000,47.8236,10,0.0000,0.0000,1.0000,10,1
6,1,novel,coal↑,1,0.000000,47.8236,10,0.0000,0.0000,1.0000,10,1
7,1,novel,coal↑,1,0.000000,47.8236,10,0.0000,0.0000,1.0000,10,1
8,1,novel,coal↑,1,0.000000,47.8236,10,0.0000,0.0000,1.0000,10,1
9,1,novel,coal↑,1,0.000000,47.8236,10,0.0000,0.0000,1.0000,10,1
10,1,novel,coal↑,1,0.000000,47.8236,10,0.0000,0.0000,1.0000,10,1
11,1,novel,coal↑,1,0.000000,47.8236,10,0.0000,0.0000,1.0000,10,1
12,1,novel,coal↑,1,0.000000,47.8236,10,0.0000,0.0000,1.0000,10,1
13,1,novel,coal↑,1,0.000000,47.8236,10,0.0000,0.0000,1.0000,10,1
14,1,novel,coal↑,1,0.000000,47.8236,10,0.0000,0.0000,1.0000,10,1
15,1,novel,coal↑,1,0.000000,47.8236,10,0.0000,0.0000,1.0000,10,1
16,1,novel,coal↑,1,0.000000,47.8236,10,0.0000,0.0000,1.0000,10,1
17,1,novel,coal↑,1,0.000000,47.8236,10,0.0000,0.0000,1.0000,10,1
18,1,novel,coal↑,1,0.000000,47.8236,10,0.0000,0.0000,1.0000,10,1
19,1,novel,coal↑,1,0.000000,47.8236,10,0.0000,0.0000,1.0000,10,1
20,1,novel,coal↑,1,0.000000,47.8236,10,0.0000,0.0000,1.0000,10,1
21,1,novel,coal↑,1,0.000000,47.8236,10,0.0000,0.0000,1.0000,10,1
22,1,novel,coal↑,1,0.000000,47.8236,10,0.0000,0.0000,1.0000,10,1
23,1,novel,coal↑,1,0.000000,47.8236,10,0.0000,0.0000,1.0000,10,1
24,1,novel,coal↑,1,0.000000,47.8236,10,0.0000,0.0000,1.0000,10,1
25,1,novel,coal↑,1,0.000000,47.8236,10,0.0000,0.0000,1.0000,10,1
26,1,novel,coal↑,1,0.000000,47.8236,10,0.0000,0.0000,1.0000,10,1
27,1,novel,coal↑,1,0.000000,47.8236,10,0.0000,0.0000,1.0000,10,1
28,1,novel,coal↑,1,0.000000,47.8236,10,0.0000,0.0000,1.0000,10,1
29,1,novel,coal↑,1,0.000000,47.8236,10,0.0000,0.0000,1.0000,10,1
30,1,novel,coal↑,1,0.000000,47.8236,10,0.0000,0.0000,1.0000,10,1
31,1,novel,coal↑,1,0.000000,47.8236,10,0.0000,0.0000,1.0000,10,1
32,1,novel,coal↑,1,0.000000,47.8236,10,0.0000,0.0000,1.0000,10,1
33,1,novel,coal↑,1,0.000000,47.8236,10,0.0000,0.0000,1.0000,10,1
34,1,novel,coal↑,1,0.000000,47.8236,10,0.0000,0.0000,1.0000,10,1
35,1,novel,coal↑,1,0.000000,47.8236,10,0.0000,0.0000,1.0000,10,1
36,1,novel,coal↑,1,0.000000,47.8236,10,0.0000,0.0000,1.0000,10,1
37,1,novel,coal↑,1,0.000000,47.8236,10,0.0000,0.0000,1.0000,10,1
38,1,novel,coal↑,1,0.000000,47.8236,10,0.0000,0.0000,1.0000,10,1
39,1,novel,coal↑,1,0.000000,47.8236,10,0.0000,0.0000,1.0000,10,1
40,1,novel,coal↑,1,0.000000,47.8236,10,0.0000,0.0000,1.0000,10,1
41,1,novel,coal↑,1,0.000000,47.8236,10,0.0000,0.0000,1.0000,10,1
42,1,novel,coal↑,1,0.000000,47.8236,10,0.0000,0.0000,1.0000,10,1
43,1,novel,coal↑,1,0.000000,47.8236,10,0.0000,0.0000,1.0000,10,1
44,1,novel,coal↑,1,0.000000,47.8236,10,0.0000,0.0000,1.0000,10,1
45,1,novel,coal↑,1,0.000000,47.8236,10,0.0000,0.0000,1.0000,10,1
46,1,novel,coal↑,1,0.000000,47.8236,10,0.0000,0.0000,1.0000,10,1
47,1,novel,coal↑,1,0.000000,47.8236,10,0.0000,0.0000,1.0000,10,1
48,1,novel,coal↑,1,0.000000,47.8236,10,0.0000,0.0000,1.0000,10,1
49,1,novel,coal↑,1,0.000000,47.8236,10,0.0000,0.0000,1.0000,10,1
50,1,novel,coal↑,1,0.000000,47.8236,10,0.0000,0.0000,1.0000,10,1
51,1,novel,coal↑,1,0.000000,47.8236,10,0.0000,0.0000,1.0000,10,1
52,1,novel,coal↑,1,0.000000,47.8236,10,0.0000,0.0000,1.0000,10,1
53,1,novel,coal↑,1,0.000000,47.8236,10,0.0000,0.0000,1.0000,10,1
54,1,novel,coal↑,1,0.000000,47.8236,10,0.0000,0.0000,1.0000,10,1
55,1,novel,coal↑,1,0.000000,47.8236,10,0.0000,0.0000,1.0000,10,1
56,1,novel,coal↑,1,0.000000,47.8236,10,0.0000,0.0000,1.0000,10,1
57,1,novel,coal↑,1,0.000000,47.8236,10,0.0000,0.0000,1.0000,10,1
58,1,novel,coal↑,1,0.000000,47.8236,10,0.0000,0.0000,1.0000,10,1
59,1,novel,coal↑,1,0.000000,47.8236,10,0.0000,0.0000,1.0000,10,1
60,1,novel,coal↑,1,0.000000,47.8236,10,0.0000,0.0000,1.0000,10,1
61,1,novel,coal↑,1,0.000000,47.8236,10,0.0000,0.0000,1.0000,10,1
62,1,novel,coal↑,1,0.000000,47.8236,10,0.0000,0.0000,1.0000,10,1
63,1,novel,coal↑,1,0.000000,47.8236,10,0.0000,0.0000,1.0000,10,1
64,1,novel,coal↑,1,0.000000,47.8236,10,0.0000,0.0000,1.0000,10,1
65,1,novel,coal↑,1,0.000000,47.8236,10,0.0000,0.0000,1.0000,10,1
66,1,novel,coal↑,1,0.000000,47.8236,10,0.0000,0.0000,1.0000,10,1
67,1,novel,coal↑,1,0.000000,47.8236,10,0.0000,0.0000,1.0000,10,1
68,1,novel,coal↑,1,0.000000,47.8236,10,0.0000,0.0000,1.0000,10,1
69,1,novel,coal↑,1,0.000000,47.8236,10,0.0000,0.0000,1.0000,10,1
70,1,novel,coal↑,1,0.000778,47.7721,10,0.0000,0.0000,1.0000,0,1
71,1,novel,coal↑,1,0.000000,47.7721,10,0.0000,0.0000,1.0000,0,1
72,1,novel,coal↑,1,0.000000,47.7721,10,0.0000,0.0000,1.0000,0,1
73,1,novel,coal↑,1,0.000000,47.7721,10,0.0000,0.0000,1.0000,0,1
74,1,novel,coal↑,1,0.000000,47.7721,10,0.0000,0.0000,1.0000,0,1
75,1,novel,coal↑,1,0.000000,47.7721,10,0.0000,0.0000,1.0000,0,1
76,1,novel,coal↑,1,0.000000,47.7721,10,0.0000,0.0000,1.0000,0,1
77,1,novel,coal↑,1,0.000000,47.7721,10,0.0000,0.0000,1.0000,0,1
78,1,novel,coal↑,1,0.000000,47.7721,10,0.0000,0.0000,1.0000,0,1
79,1,novel,coal↑,1,0.000000,47.7721,10,0.0000,0.0000,1.0000,0,1
80,1,novel,coal↑,1,0.000279,47.7508,10,0.0000,0.0000,1.0000,0,1
81,1,novel,stonepickaxe↑,1,0.000000,47.7508,10,0.0000,0.0000,1.0000,0,2
82,1,novel,stonepickaxe↑,0,0.000000,47.7508,10,0.0000,0.0000,0.9878,0,2
83,1,novel,stonepickaxe↑,0,0.000000,47.7508,10,0.0000,0.0000,0.9759,0,2
84,1,novel,stonepickaxe↑,0,0.000000,47.7508,10,0.0000,0.0000,0.9643,0,2
85,1,novel,stonepickaxe↑,0,0.000000,47.7508,10,0.0000,0.0000,0.9529,0,2
86,1,novel,stonepickaxe↑,0,0.000000,47.7508,10,0.0000,0.0000,0.9419,0,2
87,1,novel,stonepickaxe↑,0,0.000000,47.7508,10,0.0000,0.0000,0.9310,0,2
88,1,novel,stonepickaxe↑,0,0.000000,47.7508,10,0.0000,0.0000,0.9205,0,2
89,1,novel,stonepickaxe↑,0,0.000000,47.7508,10,0.0000,0.0000,0.9101,0,2
90,1,novel,stonepickaxe↑,0,0.000187,47.7602,10,0.0000,0.0000,0.9000,0,2
91,1,novel,coal↑,1,0.000000,47.7602,10,0.0000,0.0000,0.9011,0,2
92,1,novel,coal↑,1,0.000000,47.7602,10,0.0000,0.0000,0.9022,0,2
93,1,novel,coal↑,1,0.000000,47.7602,10,0.0000,0.0000,0.9032,0,2
94,1,novel,coal↑,1,0.000000,47.7602,10,0.0000,0.0000,0.9043,0,2
95,1,novel,coal↑,1,0.000000,47.7602,10,0.0000,0.0000,0.9053,0,2
96,1,novel,coal↑,1,0.000000,47.7602,10,0.0000,0.0000,0.9062,0,2
97,1,novel,coal↑,1,0.000000,47.7602,10,0.0000,0.0000,0.9072,0,2
98,1,novel,coal↑,1,0.000000,47.7602,10,0.0000,0.0000,0.9082,0,2
99,1,novel,coal↑,1,0.000000,47.7602,10,0.0000,0.0000,0.9091,0,2
100,1,novel,coal↑,1,0.000194,47.7545,10,0.0000,0.0000,0.9100,0,2
101,1,novel,stonepickaxe↑,0,0.000000,47.7545,10,0.0000,0.0000,0.9010,0,2
102,1,novel,stonepickaxe↑,0,0.000000,47.7545,10,0.0000,0.0000,0.8922,0,2
103,1,novel,stonepickaxe↑,0,0.000000,47.7545,10,0.0000,0.0000,0.8835,0,2
104,1,novel,stonepickaxe↑,0,0.000000,47.7545,10,0.0000,0.0000,0.8750,0,2
105,1,novel,stonepickaxe↑,0,0.000000,47.7545,10,0.0000,0.0000,0.8667,0,2
106,1,novel,stonepickaxe↑,0,0.000000,47.7545,10,0.0000,0.0000,0.8585,0,2
107,1,novel,stonepickaxe↑,0,0.000000,47.7545,10,0.0000,0.0000,0.8505,0,2
108,1,novel,stonepickaxe↑,0,0.000000,47.7545,10,0.0000,0.0000,0.8426,0,2
109,1,novel,stonepickaxe↑,0,0.000000,47.7545,10,0.0000,0.0000,0.8349,0,2
110,1,novel,stonepickaxe↑,0,0.000182,47.7639,10,0.0000,0.0000,0.8273,0,2
111,1,novel,coal↑,1,0.000000,47.7639,10,0.0000,0.0000,0.8288,0,2
112,1,novel,coal↑,1,0.000000,47.7639,10,0.0000,0.0000,0.8304,0,2
113,1,novel,coal↑,1,0.000000,47.7639,10,0.0000,0.0000,0.8319,0,2
114,1,novel,coal↑,1,0.000000,47.7639,10,0.0000,0.0000,0.8333,0,2
115,1,novel,coal↑,1,0.000000,47.7639,10,0.0000,0.0000,0.8348,0,2
116,1,novel,coal↑,1,0.000000,47.7639,10,0.0000,0.0000,0.8362,0,2
117,1,novel,coal↑,1,0.000000,47.7639,10,0.0000,0.0000,0.8376,0,2
118,1,novel,coal↑,1,0.000000,47.7639,10,0.0000,0.0000,0.8390,0,2
119,1,novel,coal↑,1,0.000000,47.7639,10,0.0000,0.0000,0.8403,0,2
120,1,novel,coal↑,1,0.000190,47.7583,10,0.0000,0.0000,0.8417,0,2
121,1,novel,coal↑,1,0.000000,47.7583,10,0.0000,0.0000,0.8430,0,2
122,1,novel,coal↑,1,0.000000,47.7583,10,0.0000,0.0000,0.8443,0,2
123,1,novel,coal↑,1,0.000000,47.7583,10,0.0000,0.0000,0.8455,0,2
124,1,novel,coal↑,1,0.000000,47.7583,10,0.0000,0.0000,0.8468,0,2
125,1,novel,coal↑,1,0.000000,47.7583,10,0.0000,0.0000,0.8480,0,2
126,1,novel,coal↑,1,0.000000,47.7583,10,0.0000,0.0000,0.8492,0,2
127,1,novel,coal↑,1,0.000000,47.7583,10,0.0000,0.0000,0.8504,0,2
128,1,novel,coal↑,1,0.000000,47.7583,10,0.0000,0.0000,0.8516,0,2
129,1,novel,coal↑,1,0.000000,47.7583,10,0.0000,0.0000,0.8527,0,2
130,1,novel,coal↑,1,0.000178,47.7677,10,0.0000,0.0000,0.8538,0,2
131,1,novel,coal↑,1,0.000000,47.7677,10,0.0000,0.0000,0.8550,0,2
132,1,novel,coal↑,1,0.000000,47.7677,10,0.0000,0.0000,0.8561,0,2
133,1,novel,coal↑,1,0.000000,47.7677,10,0.0000,0.0000,0.8571,0,2
134,1,novel,coal↑,1,0.000000,47.7677,10,0.0000,0.0000,0.8582,0,2
135,1,novel,coal↑,1,0.000000,47.7677,10,0.0000,0.0000,0.8593,0,2
136,1,novel,coal↑,1,0.000000,47.7677,10,0.0000,0.0000,0.8603,0,2
137,1,novel,coal↑,1,0.000000,47.7677,10,0.0000,0.0000,0.8613,0,2
138,1,novel,coal↑,1,0.000000,47.7677,10,0.0000,0.0000,0.8623,0,2
139,1,novel,coal↑,1,0.000000,47.7677,10,0.0000,0.0000,0.8633,0,2
140,1,novel,coal↑,1,0.000174,47.7615,10,0.0000,0.0000,0.8643,0,2
141,1,novel,coal↑,1,0.000000,47.7615,10,0.0000,0.0000,0.8652,0,2
142,1,novel,coal↑,1,0.000000,47.7615,10,0.0000,0.0000,0.8662,0,2
143,1,novel,coal↑,1,0.000000,47.7615,10,0.0000,0.0000,0.8671,0,2
144,1,novel,coal↑,1,0.000000,47.7615,10,0.0000,0.0000,0.8681,0,2
145,1,novel,coal↑,1,0.000000,47.7615,10,0.0000,0.0000,0.8690,0,2
146,1,novel,coal↑,1,0.000000,47.7615,10,0.0000,0.0000,0.8699,0,2
147,1,novel,coal↑,1,0.000000,47.7615,10,0.0000,0.0000,0.8707,0,2
148,1,novel,coal↑,1,0.000000,47.7615,10,0.0000,0.0000,0.8716,0,2
149,1,novel,coal↑,1,0.000000,47.7615,10,0.0000,0.0000,0.8725,0,2
150,1,novel,coal↑,1,0.000174,47.7708,10,0.0000,0.0000,0.8733,0,2
151,1,novel,coal↑,1,0.000000,47.7708,10,0.0000,0.0000,0.8742,0,2
152,1,novel,coal↑,1,0.000000,47.7708,10,0.0000,0.0000,0.8750,0,2
153,1,novel,coal↑,1,0.000000,47.7708,10,0.0000,0.0000,0.8758,0,2
154,1,novel,coal↑,1,0.000000,47.7708,10,0.0000,0.0000,0.8766,0,2
155,1,novel,coal↑,1,0.000000,47.7708,10,0.0000,0.0000,0.8774,0,2
156,1,novel,coal↑,1,0.000000,47.7708,10,0.0000,0.0000,0.8782,0,2
157,1,novel,coal↑,1,0.000000,47.7708,10,0.0000,0.0000,0.8790,0,2
158,1,novel,coal↑,1,0.000000,47.7708,10,0.0000,0.0000,0.8797,0,2
159,1,novel,coal↑,1,0.000000,47.7708,10,0.0000,0.0000,0.8805,0,2
160,1,novel,coal↑,1,0.000280,47.7596,10,0.0000,0.0000,0.8812,0,2
161,1,novel,coal↑,1,0.000000,47.7596,10,0.0000,0.0000,0.8820,0,2
162,1,novel,coal↑,1,0.000000,47.7596,10,0.0000,0.0000,0.8827,0,2
163,1,novel,coal↑,1,0.000000,47.7596,10,0.0000,0.0000,0.8834,0,2
164,1,novel,coal↑,1,0.000000,47.7596,10,0.0000,0.0000,0.8841,0,2
165,1,novel,coal↑,1,0.000000,47.7596,10,0.0000,0.0000,0.8848,0,2
166,1,novel,coal↑,1,0.000000,47.7596,10,0.0000,0.0000,0.8855,0,2
167,1,novel,coal↑,1,0.000000,47.7596,10,0.0000,0.0000,0.8862,0,2
168,1,novel,coal↑,1,0.000000,47.7596,10,0.0000,0.0000,0.8869,0,2
169,1,novel,coal↑,1,0.000000,47.7596,10,0.0000,0.0000,0.8876,0,2
170,1,novel,coal↑,1,0.000435,47.7549,10,0.0000,0.0000,0.8882,0,2
171,1,novel,coal↑,1,0.000000,47.7549,10,0.0000,0.0000,0.8889,0,2
172,1,novel,coal↑,1,0.000000,47.7549,10,0.0000,0.0000,0.8895,0,2
173,1,novel,coal↑,1,0.000000,47.7549,10,0.0000,0.0000,0.8902,0,2
174,1,novel,coal↑,1,0.000000,47.7549,10,0.0000,0.0000,0.8908,0,2
175,1,novel,coal↑,1,0.000000,47.7549,10,0.0000,0.0000,0.8914,0,2
176,1,novel,coal↑,1,0.000000,47.7549,10,0.0000,0.0000,0.8920,0,2
177,1,novel,coal↑,1,0.000000,47.7549,10,0.0000,0.0000,0.8927,0,2
178,1,novel,coal↑,1,0.000000,47.7549,10,0.0000,0.0000,0.8933,0,2
179,1,novel,coal↑,1,0.000000,47.7549,10,0.0000,0.0000,0.8939,0,2
180,1,novel,coal↑,1,0.000246,47.7915,10,0.0000,0.0000,0.8944,0,2
181,1,novel,coal↑,1,0.000000,47.7915,10,0.0000,0.0000,0.8950,0,2
182,1,novel,coal↑,1,0.000000,47.7915,10,0.0000,0.0000,0.8956,0,2
183,1,novel,coal↑,1,0.000000,47.7915,10,0.0000,0.0000,0.8962,0,2
184,1,novel,coal↑,1,0.000000,47.7915,10,0.0000,0.0000,0.8967,0,2
185,1,novel,coal↑,1,0.000000,47.7915,10,0.0000,0.0000,0.8973,0,2
186,1,novel,coal↑,1,0.000000,47.7915,10,0.0000,0.0000,0.8978,0,2
187,1,novel,coal↑,1,0.000000,47.7915,10,0.0000,0.0000,0.8984,0,2
188,1,novel,coal↑,1,0.000000,47.7915,10,0.0000,0.0000,0.8989,0,2
189,1,novel,coal↑,1,0.000000,47.7915,10,0.0000,0.0000,0.8995,0,2
190,1,novel,coal↑,1,0.000211,47.7574,10,0.0000,0.0000,0.9000,0,2
191,1,novel,coal↑,1,0.000000,47.7574,10,0.0000,0.0000,0.9005,0,2
192,1,novel,coal↑,1,0.000000,47.7574,10,0.0000,0.0000,0.9010,0,2
193,1,novel,coal↑,1,0.000000,47.7574,10,0.0000,0.0000,0.9016,0,2
194,1,novel,coal↑,1,0.000000,47.7574,10,0.0000,0.0000,0.9021,0,2
195,1,novel,coal↑,1,0.000000,47.7574,10,0.0000,0.0000,0.9026,0,2
196,1,novel,coal↑,1,0.000000,47.7574,10,0.0000,0.0000,0.9031,0,2
197,1,novel,coal↑,1,0.000000,47.7574,10,0.0000,0.0000,0.9036,0,2
198,1,novel,coal↑,1,0.000000,47.7574,10,0.0000,0.0000,0.9040,0,2
199,1,novel,coal↑,1,0.000000,47.7574,10,0.0000,0.0000,0.9045,0,2
200,1,novel,coal↑,1,0.000118,47.7572,10,0.0000,0.0000,0.9050,0,2
